Akte;Finder-Tags
Akte_229_S001.jpg;Maschinell, mitUnterschrift
Akte_228_S001.jpg;Maschinell, mitUnterschrift
Akte_003.2_S009.jpg;Maschinell
Akte_083_S007.jpg;Maschinell
Akte_321_S001.jpg;Maschinell
Akte_147_S001.jpg;Maschinell
Akte_002.02_S001.jpg;Bild, Maschinell
Akte_002.03_S001.jpg;Bild, Handschrift
Akte_146_S001.jpg;Handschrift, mitUnterschrift
Akte_320_S001.jpg;Maschinell, mitUnterschrift
Akte_172_S003.jpg;Maschinell, mitUnterschrift
Akte_413_S001.jpg;Maschinell
Akte_412_S001.jpg;Maschinell
Akte_002.09_S002.jpg;Handschrift, mitUnterschrift
Akte_002.08_S002.jpg;Handschrift, mitUnterschrift
Akte_006_S001.jpg;Maschinell
Akte_260_S001.jpg;Maschinell, mitUnterschrift
Akte_261_S001.jpg;Maschinell
Akte_007_S001.jpg;Maschinell
Akte_001.1_S004.jpg;Maschinell, Handschrift
Akte_001.1_S010.jpg;Maschinell
Akte_094_S001.jpg;Maschinell, mitUnterschrift
Akte_095_S001.jpg;Maschinell
Akte_222_S002.jpg;Maschinell
Akte_045_S002.jpg;Maschinell
Akte_368_S001.jpg;Maschinell
Akte_369_S001.jpg;Maschinell
Akte_222_S003.jpg;Maschinell, mitUnterschrift
Akte_217_S001.jpg;Maschinell, mitUnterschrift
Akte_001.1_S011.jpg;Maschinell
Akte_071_S001.jpg;Maschinell
Akte_070_S001.jpg;Maschinell
Akte_216_S001.jpg;Maschinell, mitUnterschrift
Akte_001.1_S005.jpg;Maschinell, Handschrift
Akte_323.2_S009.jpg;Maschinell
Akte_285_S001.jpg;Maschinell
Akte_002.08_S003.jpg;Maschinell
Akte_284_S001.jpg;Maschinell, mitUnterschrift
Akte_002.09_S003.jpg;Maschinell
Akte_255_S002.jpg;Maschinell
Akte_179_S001.jpg;Handschrift, Maschinell, mitUnterschrift
Akte_178_S001.jpg;Handschrift, Maschinell, mitUnterschrift
Akte_038_S001.jpg;Maschinell
Akte_039_S001.jpg;Maschinell, mitUnterschrift
Akte_172_S002.jpg;Maschinell
Akte_130_S001.jpg;Maschinell, mitUnterschrift
Akte_356_S001.jpg;Maschinell
Akte_357_S001.jpg;Maschinell
Akte_131_S001.jpg;Maschinell
Akte_104_S001.jpg;Maschinell, mitUnterschrift
Akte_362_S001.jpg;Maschinell, mitUnterschrift
Akte_363_S001.jpg;Maschinell, mitUnterschrift
Akte_105_S001.jpg;Maschinell
Akte_002.03_S002.jpg;Handschrift, mitUnterschrift
Akte_321_S002.jpg;Maschinell
Akte_002.02_S002.jpg;Handschrift, mitUnterschrift
Akte_038_S003.jpg;Maschinell
Akte_196_S001.jpg;Maschinell
Akte_197_S001.jpg;Maschinell, mitUnterschrift
Akte_002.14_S004.jpg;Maschinell, mitUnterschrift
Akte_419_S001.jpg;Handschrift, mitUnterschrift
Akte_418_S001.jpg;Handschrift, mitUnterschrift
Akte_002.08_S001.jpg;Bild, Maschinell
Akte_002.09_S001.jpg;Bild, Maschinell
Akte_001.5_S019.jpg;Maschinell, mitUnterschrift
Akte_007_S002.jpg;Maschinell
Akte_006_S002.jpg;Maschinell, mitUnterschrift
Akte_001.4_S019.jpg;Maschinell
Akte_260_S002.jpg;Handschrift
Akte_001.1_S013.jpg;Maschinell, Handschrift
Akte_001.1_S007.jpg;Handschrift
Akte_223_S001.jpg;Maschinell, mitUnterschrift
Akte_045_S001.jpg;Maschinell
Akte_044_S001.jpg;Maschinell, mitUnterschrift
Akte_222_S001.jpg;Maschinell
Akte_001.1_S006.jpg;Maschinell
Akte_001.1_S012.jpg;Maschinell
Akte_001.4_S018.jpg;Maschinell
Akte_006_S003.jpg;Maschinell
Akte_007_S003.jpg;Maschinell
Akte_001.5_S018.jpg;Handschrift, mitUnterschrift
Akte_001.4_S024.jpg;Handschrift, mitUnterschrift
Akte_001.5_S024.jpg;Maschinell, mitUnterschrift
Akte_032_S001.jpg;Maschinell
Akte_254_S001.jpg;Maschinell, mitUnterschrift
Akte_255_S001.jpg;Maschinell, mitUnterschrift
Akte_033_S001.jpg;Maschinell
Akte_413_S003.jpg;Maschinell, mitUnterschrift
Akte_038_S002.jpg;Maschinell
Akte_315_S001.jpg;Maschinell
Akte_173_S001.jpg;Maschinell, mitUnterschrift
Akte_172_S001.jpg;Maschinell, mitUnterschrift
Akte_314_S001.jpg;Maschinell
Akte_002.02_S003.jpg;Maschinell
Akte_002.03_S003.jpg;Maschinell
Akte_083_S005.jpg;Maschinell
Akte_387_S001.jpg;Maschinell
Akte_386_S001.jpg;Maschinell
Akte_083_S001.jpg;Maschinell
Akte_082_S001.jpg;Maschinell
Akte_119_S001.jpg;Maschinell
Akte_118_S001.jpg;Maschinell
Akte_235_S002.jpg;Handschrift
Akte_011_S001.jpg;Maschinell
Akte_277_S001.jpg;Maschinell
Akte_276_S001.jpg;Maschinell, mitUnterschrift
Akte_010_S001.jpg;Maschinell
Akte_336_S001.jpg;Maschinell, Handschrift, mitUnterschrift
Akte_150_S001.jpg;Maschinell
Akte_002.15_S001.jpg;Bild, Maschinell
Akte_298_S003.jpg;Maschinell, mitUnterschrift
Akte_002.14_S001.jpg;Maschinell
Akte_151_S001.jpg;Maschinell
Akte_337_S001.jpg;Maschinell, mitUnterschrift
Akte_001.4_S008.jpg;Maschinell, mitUnterschrift
Akte_404_S001.jpg;Maschinell
Akte_394_S009.jpg;Maschinell
Akte_001.5_S008.jpg;Maschinell
Akte_405_S001.jpg;Maschinell
Akte_001.5_S020.jpg;Handschrift, mitUnterschrift
Akte_001.4_S020.jpg;Maschinell
Akte_001.1_S016.jpg;Maschinell, Handschrift
Akte_058_S001.jpg;Handschrift, mitUnterschrift
Akte_059_S001.jpg;Maschinell, mitUnterschrift
Akte_001.1_S002.jpg;Maschinell, Handschrift
Akte_127_S001.jpg;Maschinell, Handschrift, mitUnterschrift
Akte_341_S001.jpg;Maschinell
Akte_340_S001.jpg;Maschinell, mitUnterschrift
Akte_126_S001.jpg;Maschinell, Handschrift
Akte_001.1_S003.jpg;Maschinell, Handschrift
Akte_001.1_S017.jpg;Maschinell
Akte_001.4_S021.jpg;Maschinell
Akte_302_S002.jpg;Handschrift, mitUnterschrift
Akte_001.5_S021.jpg;Maschinell
Akte_001.5_S009.jpg;Maschinell
Akte_249_S001.jpg;Handschrift, mitUnterschrift
Akte_001.4_S009.jpg;Maschinell
Akte_007_S006.jpg;Maschinell
Akte_248_S001.jpg;Maschinell
Akte_292_S001.jpg;Maschinell
Akte_293_S001.jpg;Maschinell
Akte_308_S001.jpg;Maschinell, mitUnterschrift
Akte_309_S001.jpg;Maschinell, mitUnterschrift
Akte_200_S001.jpg;Maschinell, mitUnterschrift
Akte_066_S001.jpg;Maschinell
Akte_067_S001.jpg;Maschinell
Akte_201_S001.jpg;Maschinell, mitUnterschrift
Akte_234_S001.jpg;Maschinell, mitUnterschrift
Akte_052_S001.jpg;Maschinell, mitUnterschrift
Akte_053_S001.jpg;Maschinell, mitUnterschrift
Akte_235_S001.jpg;Maschinell
Akte_002.14_S002.jpg;Maschinell
Akte_002.15_S002.jpg;Handschrift, mitUnterschrift
Akte_181_S001.jpg;Maschinell, mitUnterschrift
Akte_405_S002.jpg;Maschinell
Akte_007_S004.jpg;Maschinell
Akte_404_S002.jpg;Maschinell
Akte_180_S001.jpg;Maschinell
Akte_001.4_S023.jpg;Maschinell
Akte_001.5_S023.jpg;Handschrift, mitUnterschrift
Akte_113_S001.jpg;Maschinell
Akte_375_S001.jpg;Maschinell, mitUnterschrift
Akte_374_S001.jpg;Maschinell
Akte_112_S001.jpg;Maschinell
Akte_001.1_S001.jpg;Maschinell, Handschrift
Akte_001.1_S015.jpg;Maschinell, Handschrift
Akte_089_S001.jpg;Maschinell
Akte_088_S001.jpg;Maschinell, mitUnterschrift
Akte_126_S002.jpg;Maschinell, mitUnterschrift
Akte_390_S001.jpg;Maschinell
Akte_001.1_S014.jpg;Maschinell
Akte_391_S001.jpg;Maschinell
Akte_302_S001.jpg;Handschrift, mitUnterschrift
Akte_001.5_S022.jpg;Handschrift
Akte_164_S001.jpg;Handschrift, mitUnterschrift
Akte_165_S001.jpg;Maschinell, mitUnterschrift
Akte_001.4_S022.jpg;Maschinell, mitUnterschrift
Akte_303_S001.jpg;Maschinell, mitUnterschrift
Akte_007_S005.jpg;Maschinell
Akte_298_S001.jpg;Handschrift
Akte_002.15_S003.jpg;Maschinell
Akte_299_S001.jpg;Maschinell, mitUnterschrift
Akte_002.14_S003.jpg;Maschinell
Akte_413_S005.jpg;Maschinell
Akte_025_S001.jpg;Maschinell, mitUnterschrift
Akte_243_S001.jpg;Maschinell, mitUnterschrift
Akte_242_S001.jpg;Maschinell, mitUnterschrift
Akte_024_S001.jpg;Maschinell, mitUnterschrift
Akte_083_S003.jpg;Maschinell
Akte_244_S003.jpg;Maschinell, mitUnterschrift
Akte_409_S002.jpg;Maschinell
Akte_003.1_S005.jpg;Maschinell
Akte_270_S001.jpg;Maschinell
Akte_016_S001.jpg;Maschinell
Akte_017_S001.jpg;Handschrift, mitUnterschrift
Akte_271_S001.jpg;Maschinell, mitUnterschrift
Akte_003.1_S011.jpg;Maschinell, mitUnterschrift
Akte_084_S001.jpg;Maschinell
Akte_085_S001.jpg;Maschinell
Akte_378_S001.jpg;Maschinell, mitUnterschrift
Akte_379_S001.jpg;Maschinell, mitUnterschrift
Akte_239_S001.jpg;Maschinell, Handschrift, mitUnterschrift
Akte_324.1 _S023.jpg;Bild
Akte_238_S001.jpg;Maschinell
Akte_396_S003.jpg;Maschinell
Akte_042_S004.jpg;Maschinell, mitUnterschrift
Akte_157_S001.jpg;Maschinell, mitUnterschrift
Akte_002.12_S001.jpg;Handschrift, mitUnterschrift
Akte_331_S001.jpg;Maschinell, mitUnterschrift
Akte_330_S001.jpg;Handschrift, mitUnterschrift
Akte_002.13_S001.jpg;Maschinell
Akte_156_S001.jpg;Maschinell, mitUnterschrift
Akte_187_S002.jpg;Handschrift
Akte_403_S001.jpg;Maschinell
Akte_001.3_S008.jpg;Maschinell
Akte_402_S001.jpg;Maschinell
Akte_001.2_S008.jpg;Maschinell
Akte_001.2_S020.jpg;Maschinell
Akte_001.3_S020.jpg;Maschinell, mitUnterschrift
Akte_001.3_S021.jpg;Maschinell, mitUnterschrift
Akte_001.2_S021.jpg;Maschinell
Akte_001.2_S009.jpg;Maschinell
Akte_001.3_S009.jpg;Maschinell, mitUnterschrift
Akte_029_S001.jpg;Handschrift, mitUnterschrift
Akte_346_S001.jpg;Maschinell
Akte_120_S001.jpg;Maschinell
Akte_121_S001.jpg;Maschinell
Akte_347_S001.jpg;Maschinell, mitUnterschrift
Akte_323.1_S005.jpg;Maschinell
Akte_323.1_S011.jpg;Maschinell
Akte_324.1 _S022.jpg;Handschrift, mitUnterschrift
Akte_136_S007.jpg;Maschinell
Akte_061_S001.jpg;Maschinell, mitUnterschrift
Akte_207_S001.jpg;Maschinell, mitUnterschrift
Akte_048_S006.jpg;Maschinell
Akte_206_S001.jpg;Maschinell, mitUnterschrift
Akte_060_S001.jpg;Handschrift, mitUnterschrift
Akte_295_S001.jpg;Maschinell, mitUnterschrift
Akte_294_S001.jpg;Maschinell, mitUnterschrift
Akte_003.1_S010.jpg;Maschinell
Akte_169_S001.jpg;Maschinell
Akte_168_S001.jpg;Maschinell, mitUnterschrift
Akte_409_S001.jpg;Maschinell
Akte_408_S001.jpg;Maschinell
Akte_271_S002.jpg;Maschinell
Akte_003.1_S006.jpg;mitUnterschrift
Akte_048_S004.jpg;Maschinell
Akte_136_S005.jpg;Maschinell
Akte_055_S001.jpg;Maschinell
Akte_233_S001.jpg;Maschinell, mitUnterschrift
Akte_232_S001.jpg;Maschinell, mitUnterschrift
Akte_054_S001.jpg;Maschinell
Akte_372_S001.jpg;Maschinell, mitUnterschrift
Akte_114_S001.jpg;Handschrift, mitUnterschrift
Akte_115_S001.jpg;Handschrift, mitUnterschrift
Akte_373_S001.jpg;Maschinell
Akte_323.1_S007.jpg;Maschinell, Handschrift
Akte_323.1_S013.jpg;Maschinell
Akte_153_S008.jpg;Maschinell, Handschrift
Akte_002.13_S002.jpg;Maschinell
Akte_002.12_S002.jpg;Handschrift, mitUnterschrift
Akte_028_S003.jpg;Maschinell
Akte_186_S001.jpg;Maschinell
Akte_187_S001.jpg;Maschinell, mitUnterschrift
Akte_001.3_S023.jpg;Maschinell
Akte_001.2_S023.jpg;Maschinell
Akte_163_S001.jpg;Maschinell
Akte_305_S001.jpg;Maschinell, mitUnterschrift
Akte_001.2_S022.jpg;Maschinell
Akte_001.3_S022.jpg;Maschinell
Akte_304_S001.jpg;Handschrift, mitUnterschrift
Akte_162_S001.jpg;Handschrift, mitUnterschrift
Akte_028_S002.jpg;Maschinell
Akte_002.12_S003.jpg;Maschinell
Akte_153_S009.jpg;Maschinell
Akte_346_S002.jpg;Handschrift
Akte_397_S001.jpg;Maschinell
Akte_324.1 _S021.jpg;Handschrift, mitUnterschrift
Akte_396_S001.jpg;Maschinell, mitUnterschrift
Akte_324.1 _S009.jpg;Maschinell, mitUnterschrift
Akte_424_S019.jpg;Maschinell
Akte_207_S002.jpg;Maschinell
Akte_270_S003.jpg;Maschinell
Akte_003.1_S007.jpg;Maschinell
Akte_003.1_S013.jpg;Maschinell
Akte_244_S001.jpg;Maschinell
Akte_022_S001.jpg;Maschinell, mitUnterschrift
Akte_023_S001.jpg;Maschinell, mitUnterschrift
Akte_245_S001.jpg;Maschinell, mitUnterschrift
Akte_140_S001.jpg;Handschrift, mitUnterschrift
Akte_002.05_S001.jpg;Handschrift
Akte_326_S001.jpg;Maschinell, mitUnterschrift
Akte_327_S001.jpg;Maschinell, mitUnterschrift
Akte_002.04_S001.jpg;Bild
Akte_141_S001.jpg;Maschinell, mitUnterschrift
Akte_421_S003.jpg;Maschinell, mitUnterschrift
Akte_414_S001.jpg;Maschinell, mitUnterschrift
Akte_003.1_S017.jpg;Maschinell, mitUnterschrift
Akte_003.1_S003.jpg;Maschinell, mitUnterschrift
Akte_415_S001.jpg;Maschinell, mitUnterschrift
Akte_191_S002.jpg;Maschinell, mitUnterschrift
Akte_049_S001.jpg;Maschinell
Akte_102_S002.jpg;Maschinell
Akte_103_S002.jpg;Maschinell
Akte_424_S009.jpg;Maschinell, mitUnterschrift
Akte_396_S005.jpg;Maschinell
Akte_093_S001.jpg;Maschinell
Akte_092_S001.jpg;Maschinell
Akte_324.1 _S019.jpg;Handschrift
Akte_042_S002.jpg;Maschinell
Akte_224_S002.jpg;Maschinell, mitUnterschrift
Akte_109_S001.jpg;Handschrift, mitUnterschrift
Akte_108_S001.jpg;Maschinell
Akte_267_S001.jpg;Maschinell, mitUnterschrift
Akte_266_S001.jpg;Maschinell
Akte_282_S001.jpg;Maschinell, mitUnterschrift
Akte_283_S001.jpg;Maschinell, mitUnterschrift
Akte_318_S001.jpg;Maschinell, mitUnterschrift
Akte_319_S001.jpg;Maschinell, mitUnterschrift
Akte_042_S003.jpg;Maschinell
Akte_324.1 _S018.jpg;Bild
Akte_076_S001.jpg;Handschrift, mitUnterschrift
Akte_323.1_S017.jpg;Maschinell
Akte_210_S001.jpg;Maschinell
Akte_324.1 _S024.jpg;Handschrift, mitUnterschrift
Akte_211_S001.jpg;Maschinell, mitUnterschrift
Akte_077_S001.jpg;Handschrift, Maschinell, mitUnterschrift
Akte_396_S004.jpg;Maschinell
Akte_323.1_S003.jpg;Maschinell
Akte_351_S001.jpg;Handschrift, mitUnterschrift
Akte_137_S001.jpg;Maschinell, mitUnterschrift
Akte_136_S001.jpg;Maschinell
Akte_350_S001.jpg;Maschinell, mitUnterschrift
Akte_003.1_S002.jpg;Handschrift
Akte_259_S001.jpg;Maschinell, mitUnterschrift
Akte_258_S001.jpg;Maschinell, mitUnterschrift
Akte_420_S002.jpg;Handschrift, mitUnterschrift
Akte_002.04_S002.jpg;Handschrift, mitUnterschrift
Akte_002.05_S002.jpg;Handschrift, mitUnterschrift
Akte_415_S002.jpg;Handschrift
Akte_191_S001.jpg;Maschinell
Akte_190_S001.jpg;Maschinell
Akte_048_S002.jpg;Handschrift, Maschinell, mitUnterschrift
Akte_365_S001.jpg;Maschinell
Akte_103_S001.jpg;Maschinell
Akte_102_S001.jpg;Maschinell
Akte_364_S001.jpg;Maschinell
Akte_099_S001.jpg;Maschinell, mitUnterschrift
Akte_136_S003.jpg;Maschinell
Akte_098_S001.jpg;Maschinell, mitUnterschrift
Akte_323.1_S015.jpg;Maschinell
Akte_323.1_S001.jpg;Maschinell, mitUnterschrift
Akte_396_S006.jpg;Maschinell
Akte_042_S001.jpg;Maschinell
Akte_224_S001.jpg;Maschinell, mitUnterschrift
Akte_225_S001.jpg;Maschinell, mitUnterschrift
Akte_043_S001.jpg;Maschinell
Akte_001.2_S019.jpg;Maschinell, mitUnterschrift
Akte_001.3_S019.jpg;Maschinell
Akte_001.3_S018.jpg;Maschinell
Akte_028_S004.jpg;Maschinell
Akte_001.2_S018.jpg;Maschinell
Akte_001.3_S024.jpg;Maschinell, mitUnterschrift
Akte_001.2_S024.jpg;Maschinell
Akte_253_S001.jpg;Maschinell, mitUnterschrift
Akte_035_S001.jpg;Maschinell
Akte_034_S001.jpg;Maschinell, mitUnterschrift
Akte_252_S001.jpg;Maschinell
Akte_380_S001.jpg;Maschinell, mitUnterschrift
Akte_381_S001.jpg;Maschinell, mitUnterschrift
Akte_003.1_S015.jpg;Maschinell
Akte_003.1_S001.jpg;Maschinell
Akte_174_S001.jpg;Maschinell
Akte_312_S001.jpg;Maschinell, mitUnterschrift
Akte_313_S001.jpg;Maschinell, mitUnterschrift
Akte_175_S001.jpg;Maschinell
Akte_420_S001.jpg;Maschinell
Akte_421_S001.jpg;Maschinell
Akte_288_S001.jpg;Maschinell, mitUnterschrift
Akte_002.05_S003.jpg;Maschinell
Akte_289_S001.jpg;Maschinell, mitUnterschrift
Akte_002.04_S003.jpg;Maschinell
Akte_237_S001.jpg;Maschinell
Akte_051_S001.jpg;Maschinell
Akte_050_S001.jpg;Maschinell
Akte_236_S001.jpg;Maschinell, mitUnterschrift
Akte_013_S002.jpg;Maschinell
Akte_159_S001.jpg;Maschinell, mitUnterschrift
Akte_158_S001.jpg;Maschinell
Akte_189_S002.jpg;Handschrift, mitUnterschrift
Akte_182_S001.jpg;Maschinell, mitUnterschrift
Akte_406_S002.jpg;Maschinell
Akte_005_S004.jpg;Maschinell
Akte_183_S001.jpg;Maschinell, mitUnterschrift
Akte_323.1_S019.jpg;Maschinell
Akte_004_S004.jpg;Handschrift
Akte_018_S001.jpg;Handschrift, mitUnterschrift
Akte_019_S001.jpg;Maschinell
Akte_153_S002.jpg;Maschinell, Handschrift
Akte_342_S003.jpg;Maschinell
Akte_110_S001.jpg;Maschinell
Akte_376_S001.jpg;Maschinell
Akte_377_S001.jpg;Maschinell, mitUnterschrift
Akte_111_S001.jpg;Maschinell
Akte_001.3_S015.jpg;Maschinell
Akte_001.2_S001.jpg;Handschrift, mitUnterschrift
Akte_001.3_S001.jpg;Maschinell, mitUnterschrift
Akte_001.2_S014.jpg;Maschinell
Akte_393_S001.jpg;Maschinell, mitUnterschrift
Akte_001.3_S014.jpg;Maschinell
Akte_392_S001.jpg;Maschinell, mitUnterschrift
Akte_209_S001.jpg;Maschinell, mitUnterschrift
Akte_208_S001.jpg;Maschinell
Akte_125_S002.jpg;Maschinell
Akte_324.1 _S017.jpg;Bild, Maschinell
Akte_301_S001.jpg;Maschinell, mitUnterschrift
Akte_167_S001.jpg;Maschinell
Akte_166_S001.jpg;Maschinell, mitUnterschrift
Akte_324.1 _S003.jpg;Maschinell
Akte_300_S001.jpg;Maschinell
Akte_004_S005.jpg;Handschrift
Akte_026_S001.jpg;Maschinell, mitUnterschrift
Akte_240_S001.jpg;Maschinell
Akte_424_S013.jpg;Maschinell
Akte_241_S001.jpg;Maschinell
Akte_027_S001.jpg;Maschinell
Akte_424_S007.jpg;Maschinell
Akte_291_S002.jpg;Handschrift
Akte_013_S003.jpg;Maschinell
Akte_275_S003.jpg;Maschinell, mitUnterschrift
Akte_003.1_S019.jpg;Maschinell, mitUnterschrift
Akte_348_S001.jpg;Maschinell, mitUnterschrift
Akte_349_S001.jpg;Maschinell, mitUnterschrift
Akte_080_S001.jpg;Maschinell
Akte_081_S001.jpg;Maschinell, mitUnterschrift
Akte_012_S001.jpg;Maschinell, mitUnterschrift
Akte_274_S001.jpg;Handschrift, mitUnterschrift
Akte_275_S001.jpg;Maschinell
Akte_013_S001.jpg;Maschinell
Akte_188_S001.jpg;Maschinell
Akte_424_S011.jpg;Maschinell
Akte_189_S001.jpg;Bild
Akte_424_S005.jpg;Maschinell, mitUnterschrift
Akte_407_S001.jpg;Maschinell
Akte_406_S001.jpg;Maschinell
Akte_324.1 _S001.jpg;Maschinell
Akte_335_S001.jpg;Maschinell, mitUnterschrift
Akte_153_S001.jpg;Maschinell
Akte_152_S001.jpg;Maschinell, mitUnterschrift
Akte_334_S001.jpg;Maschinell, mitUnterschrift
Akte_377_S002.jpg;Handschrift
Akte_001.3_S002.jpg;Maschinell, mitUnterschrift
Akte_001.2_S016.jpg;Maschinell, mitUnterschrift
Akte_001.2_S002.jpg;Handschrift, mitUnterschrift
Akte_001.3_S016.jpg;Maschinell
Akte_001.2_S003.jpg;Handschrift, mitUnterschrift
Akte_001.3_S017.jpg;Maschinell, mitUnterschrift
Akte_001.3_S003.jpg;Maschinell, mitUnterschrift
Akte_001.2_S017.jpg;Maschinell, mitUnterschrift
Akte_124_S001.jpg;Maschinell
Akte_342_S001.jpg;Maschinell
Akte_343_S001.jpg;Maschinell, mitUnterschrift
Akte_125_S001.jpg;Maschinell, Handschrift
Akte_324.1 _S014.jpg;Handschrift, mitUnterschrift
Akte_004_S006.jpg;Handschrift
Akte_159_S003.jpg;Maschinell
Akte_291_S001.jpg;Maschinell, mitUnterschrift
Akte_290_S001.jpg;Maschinell, mitUnterschrift
Akte_203_S001.jpg;Maschinell, mitUnterschrift
Akte_065_S001.jpg;Maschinell, mitUnterschrift
Akte_064_S001.jpg;Maschinell, mitUnterschrift
Akte_202_S001.jpg;Maschinell
Akte_399_S001.jpg;Maschinell
Akte_398_S001.jpg;Maschinell, mitUnterschrift
Akte_107_S001.jpg;Maschinell, mitUnterschrift
Akte_361_S001.jpg;Maschinell
Akte_360_S001.jpg;Maschinell
Akte_106_S001.jpg;Handschrift
Akte_195_S001.jpg;Maschinell
Akte_194_S001.jpg;Maschinell
Akte_013_S004.jpg;Maschinell
Akte_136_S009.jpg;Maschinell, mitUnterschrift
Akte_002.01_S002.jpg;Handschrift, mitUnterschrift
Akte_269_S001.jpg;Maschinell
Akte_268_S001.jpg;Maschinell, mitUnterschrift
Akte_328_S001.jpg;Maschinell
Akte_323.1_S023.jpg;Maschinell
Akte_329_S001.jpg;Maschinell
Akte_004_S002.jpg;Handschrift
Akte_005_S002.jpg;Maschinell
Akte_153_S004.jpg;Maschinell, Handschrift
Akte_153_S010.jpg;Maschinell, Handschrift
Akte_220_S001.jpg;Maschinell, mitUnterschrift
Akte_046_S001.jpg;Maschinell, mitUnterschrift
Akte_047_S001.jpg;Maschinell, mitUnterschrift
Akte_221_S001.jpg;Maschinell, mitUnterschrift
Akte_001.2_S013.jpg;Maschinell
Akte_001.3_S007.jpg;Maschinell, mitUnterschrift
Akte_001.3_S013.jpg;Maschinell
Akte_001.2_S007.jpg;Handschrift, mitUnterschrift
Akte_139_S001.jpg;Maschinell, mitUnterschrift
Akte_138_S001.jpg;Maschinell
Akte_001.3_S012.jpg;Maschinell, mitUnterschrift
Akte_001.2_S006.jpg;Handschrift
Akte_214_S002.jpg;Maschinell
Akte_001.2_S012.jpg;Maschinell
Akte_072_S002.jpg;Handschrift, mitUnterschrift
Akte_001.3_S006.jpg;Maschinell, mitUnterschrift
Akte_342_S004.jpg;Maschinell
Akte_031_S001.jpg;Maschinell
Akte_257_S001.jpg;Maschinell, mitUnterschrift
Akte_256_S001.jpg;Maschinell, mitUnterschrift
Akte_030_S001.jpg;Maschinell
Akte_153_S011.jpg;Maschinell
Akte_153_S005.jpg;Maschinell
Akte_005_S003.jpg;Maschinell
Akte_004_S003.jpg;Handschrift
Akte_287_S002.jpg;Maschinell
Akte_324.1 _S005.jpg;Maschinell
Akte_324.1 _S011.jpg;Maschinell, mitUnterschrift
Akte_424_S001.jpg;Maschinell
Akte_424_S015.jpg;Maschinell
Akte_425_S001.jpg;Maschinell
Akte_002.01_S003.jpg;Maschinell
Akte_316_S001.jpg;Maschinell, mitUnterschrift
Akte_170_S001.jpg;Handschrift
Akte_171_S001.jpg;Maschinell
Akte_317_S001.jpg;Maschinell
Akte_003.1_S023.jpg;Maschinell
Akte_384_S001.jpg;Maschinell, mitUnterschrift
Akte_385_S001.jpg;Handschrift, Maschinell
Akte_078_S001.jpg;Bild, Maschinell
Akte_079_S001.jpg;Bild, Lila
Akte_003.1_S009.jpg;Maschinell, mitUnterschrift
Akte_003.1_S021.jpg;Maschinell
Akte_317_S003.jpg;Maschinell, mitUnterschrift
Akte_410_S001.jpg;Maschinell, mitUnterschrift
Akte_411_S001.jpg;Maschinell
Akte_322_S001.jpg;Maschinell
Akte_002.01_S001.jpg;Bild
Akte_144_S001.jpg;Handschrift, mitUnterschrift
Akte_145_S001.jpg;Maschinell
Akte_424_S003.jpg;Maschinell
Akte_424_S017.jpg;Maschinell, mitUnterschrift
Akte_324.1 _S007.jpg;Handschrift, mitUnterschrift
Akte_328_S002.jpg;Maschinell
Akte_324.1 _S013.jpg;Handschrift
Akte_005_S001.jpg;Maschinell
Akte_263_S001.jpg;Maschinell
Akte_262_S001.jpg;Maschinell
Akte_004_S001.jpg;Handschrift
Akte_153_S007.jpg;Maschinell
Akte_047_S002.jpg;Handschrift, mitUnterschrift
Akte_220_S002.jpg;Maschinell
Akte_001.2_S004.jpg;Handschrift, mitUnterschrift
Akte_001.3_S010.jpg;Maschinell
Akte_001.3_S004.jpg;Maschinell, mitUnterschrift
Akte_001.2_S010.jpg;Maschinell, mitUnterschrift
Akte_097_S001.jpg;Maschinell
Akte_096_S001.jpg;Maschinell, mitUnterschrift
Akte_001.3_S005.jpg;Maschinell, mitUnterschrift
Akte_214_S001.jpg;Maschinell, mitUnterschrift
Akte_001.2_S011.jpg;Maschinell, mitUnterschrift
Akte_072_S001.jpg;Handschrift
Akte_001.2_S005.jpg;
Akte_001.3_S011.jpg;Maschinell, mitUnterschrift
Akte_073_S001.jpg;Maschinell
Akte_215_S001.jpg;Maschinell, mitUnterschrift
Akte_153_S006.jpg;Maschinell, Handschrift
Akte_323.1_S009.jpg;Maschinell
Akte_323.1_S021.jpg;Maschinell
Akte_286_S001.jpg;Maschinell, mitUnterschrift
Akte_287_S001.jpg;Maschinell, mitUnterschrift
Akte_425_S002.jpg;Maschinell
Akte_170_S002.jpg;Handschrift, mitUnterschrift
Akte_385_S002.jpg;Handschrift
Akte_384_S002.jpg;Handschrift, Maschinell
Akte_133_S001.jpg;Maschinell, mitUnterschrift
Akte_355_S001.jpg;Maschinell, mitUnterschrift
Akte_354_S001.jpg;Handschrift, mitUnterschrift
Akte_132_S001.jpg;Maschinell
Akte_079_S002.jpg;Handschrift, mitUnterschrift
Akte_078_S002.jpg;Handschrift, mitUnterschrift
Akte_416_S002.jpg;Maschinell
Akte_192_S001.jpg;Maschinell, mitUnterschrift
Akte_193_S001.jpg;Maschinell, mitUnterschrift
Akte_002.07_S002.jpg;Handschrift, mitUnterschrift
Akte_002.06_S002.jpg;Handschrift
Akte_008_S001.jpg;Maschinell
Akte_009_S001.jpg;Maschinell, mitUnterschrift
Akte_366_S001.jpg;Maschinell, mitUnterschrift
Akte_100_S001.jpg;Maschinell
Akte_101_S001.jpg;Maschinell
Akte_367_S001.jpg;Maschinell
Akte_041_S001.jpg;Maschinell
Akte_227_S001.jpg;Maschinell
Akte_226_S001.jpg;Maschinell, mitUnterschrift
Akte_040_S001.jpg;Bild, Maschinell
Akte_001.5_S013.jpg;Maschinell
Akte_323.2_S015.jpg;Maschinell
Akte_001.4_S007.jpg;Maschinell
Akte_001.4_S013.jpg;Maschinell
Akte_001.5_S007.jpg;Maschinell
Akte_323.2_S001.jpg;Maschinell
Akte_149_S001.jpg;Maschinell
Akte_148_S001.jpg;Handschrift, mitUnterschrift
Akte_001.1_S019.jpg;Maschinell
Akte_264_S002.jpg;Maschinell, mitUnterschrift
Akte_250_S001.jpg;Maschinell, mitUnterschrift
Akte_036_S001.jpg;Maschinell
Akte_037_S001.jpg;Maschinell, mitUnterschrift
Akte_251_S001.jpg;Maschinell
Akte_264_S003.jpg;Maschinell
Akte_001.1_S018.jpg;Maschinell
Akte_001.1_S024.jpg;Handschrift, mitUnterschrift
Akte_358_S001.jpg;Maschinell, mitUnterschrift
Akte_359_S001.jpg;Maschinell, mitUnterschrift
Akte_001.4_S012.jpg;Maschinell
Akte_001.5_S006.jpg;Maschinell
Akte_001.5_S012.jpg;Maschinell
Akte_001.4_S006.jpg;Maschinell
Akte_394_S007.jpg;Maschinell
Akte_383_S001.jpg;Maschinell
Akte_382_S001.jpg;Maschinell
Akte_219_S001.jpg;Maschinell
Akte_218_S001.jpg;Maschinell, mitUnterschrift
Akte_423_S001.jpg;Maschinell
Akte_422_S001.jpg;Maschinell
Akte_002.06_S003.jpg;Maschinell
Akte_002.07_S003.jpg;Maschinell
Akte_003.2_S015.jpg;Maschinell, mitUnterschrift
Akte_003.2_S001.jpg;Maschinell, mitUnterschrift
Akte_177_S001.jpg;Maschinell, mitUnterschrift
Akte_311_S001.jpg;Maschinell, mitUnterschrift
Akte_310_S001.jpg;Maschinell
Akte_176_S001.jpg;Maschinell, mitUnterschrift
Akte_176_S003.jpg;Maschinell, mitUnterschrift
Akte_003.2_S017.jpg;Maschinell
Akte_417_S001.jpg;Maschinell, mitUnterschrift
Akte_416_S001.jpg;Maschinell, mitUnterschrift
Akte_003.2_S003.jpg;Maschinell, mitUnterschrift
Akte_002.06_S001.jpg;Bild, Handschrift, mitUnterschrift
Akte_143_S001.jpg;Maschinell, mitUnterschrift
Akte_325_S001.jpg;Maschinell, mitUnterschrift
Akte_142_S001.jpg;Maschinell, mitUnterschrift
Akte_002.07_S001.jpg;Handschrift, mitUnterschrift
Akte_009_S002.jpg;Maschinell
Akte_008_S002.jpg;Maschinell, mitUnterschrift
Akte_383_S003.jpg;Maschinell
Akte_040_S002.jpg;Handschrift, mitUnterschrift
Akte_227_S002.jpg;Maschinell, mitUnterschrift
Akte_001.5_S004.jpg;Maschinell
Akte_001.4_S010.jpg;Maschinell, Handschrift
Akte_394_S005.jpg;Maschinell
Akte_001.4_S004.jpg;Maschinell
Akte_001.5_S010.jpg;Maschinell
Akte_090_S001.jpg;Maschinell
Akte_091_S001.jpg;Maschinell
Akte_264_S001.jpg;Maschinell
Akte_265_S001.jpg;Maschinell
Akte_198_S001.jpg;Handschrift, mitUnterschrift
Akte_199_S001.jpg;Maschinell
Akte_281_S001.jpg;Maschinell, mitUnterschrift
Akte_280_S001.jpg;Maschinell
Akte_358_S002.jpg;Handschrift, mitUnterschrift
Akte_001.4_S005.jpg;Maschinell
Akte_075_S001.jpg;Maschinell
Akte_001.5_S011.jpg;Maschinell
Akte_213_S001.jpg;Maschinell, mitUnterschrift
Akte_323.2_S003.jpg;Maschinell
Akte_001.5_S005.jpg;Maschinell
Akte_212_S001.jpg;Maschinell
Akte_074_S001.jpg;Maschinell, mitUnterschrift
Akte_001.4_S011.jpg;Maschinell, mitUnterschrift
Akte_389_S001.jpg;Maschinell, mitUnterschrift
Akte_388_S001.jpg;Handschrift, mitUnterschrift
Akte_383_S002.jpg;Maschinell
Akte_352_S001.jpg;Maschinell
Akte_134_S001.jpg;Maschinell, mitUnterschrift
Akte_135_S001.jpg;Maschinell, mitUnterschrift
Akte_353_S001.jpg;Handschrift, mitUnterschrift
Akte_176_S002.jpg;Handschrift, mitUnterschrift
Akte_272_S002.jpg;Handschrift, mitUnterschrift
Akte_338_S001.jpg;Maschinell
Akte_339_S001.jpg;Maschinell, mitUnterschrift
Akte_056_S001.jpg;Maschinell
Akte_230_S001.jpg;Maschinell
Akte_231_S001.jpg;Maschinell
Akte_057_S001.jpg;Maschinell
Akte_383_S006.jpg;Maschinell
Akte_371_S001.jpg;Maschinell
Akte_117_S001.jpg;Maschinell
Akte_116_S001.jpg;Maschinell, mitUnterschrift
Akte_370_S001.jpg;Maschinell, mitUnterschrift
Akte_001.4_S015.jpg;Maschinell, mitUnterschrift
Akte_001.5_S001.jpg;Maschinell
Akte_323.2_S007.jpg;Maschinell, Handschrift
Akte_001.5_S015.jpg;Maschinell
Akte_323.2_S013.jpg;Maschinell
Akte_001.4_S001.jpg;Maschinell
Akte_401_S002.jpg;Handschrift, mitUnterschrift
Akte_185_S001.jpg;Maschinell
Akte_184_S001.jpg;Maschinell
Akte_001.1_S023.jpg;Handschrift, mitUnterschrift
Akte_279_S001.jpg;Maschinell, mitUnterschrift
Akte_278_S001.jpg;Maschinell, mitUnterschrift
Akte_155_S002.jpg;Handschrift, mitUnterschrift
Akte_002.10_S002.jpg;Handschrift, mitUnterschrift
Akte_002.11_S002.jpg;Handschrift, mitUnterschrift
Akte_002.11_S003.jpg;Maschinell
Akte_002.10_S003.jpg;Maschinell
Akte_160_S001.jpg;Bild, Maschinell
Akte_001.1_S022.jpg;Handschrift, mitUnterschrift
Akte_306_S001.jpg;Maschinell, mitUnterschrift
Akte_307_S001.jpg;Maschinell
Akte_161_S001.jpg;Maschinell, mitUnterschrift
Akte_001.5_S014.jpg;Maschinell, mitUnterschrift
Akte_394_S001.jpg;Maschinell
Akte_001.4_S014.jpg;Maschinell
Akte_395_S001.jpg;Maschinell, mitUnterschrift
Akte_068_S001.jpg;Maschinell
Akte_069_S001.jpg;Maschinell, mitUnterschrift
Akte_129_S001.jpg;Maschinell, mitUnterschrift
Akte_128_S001.jpg;Maschinell, mitUnterschrift
Akte_247_S001.jpg;Maschinell
Akte_021_S001.jpg;Maschinell
Akte_020_S001.jpg;Maschinell
Akte_246_S001.jpg;Handschrift, mitUnterschrift
Akte_296_S002.jpg;Maschinell
Akte_003.2_S007.jpg;Maschinell
Akte_003.2_S013.jpg;Maschinell
Akte_273_S001.jpg;Maschinell, mitUnterschrift
Akte_015_S001.jpg;Maschinell
Akte_003.2_S005.jpg;Maschinell, mitUnterschrift
Akte_014_S001.jpg;Maschinell
Akte_272_S001.jpg;Maschinell, mitUnterschrift
Akte_003.2_S011.jpg;Maschinell, mitUnterschrift
Akte_176_S005.jpg;Handschrift, mitUnterschrift
Akte_231_S002.jpg;Handschrift
Akte_087_S001.jpg;Maschinell
Akte_086_S001.jpg;Maschinell
Akte_383_S005.jpg;Maschinell
Akte_370_S002.jpg;Handschrift, mitUnterschrift
Akte_394_S003.jpg;Maschinell
Akte_001.4_S002.jpg;Handschrift
Akte_001.5_S016.jpg;Maschinell
Akte_001.5_S002.jpg;Maschinell
Akte_001.4_S016.jpg;Maschinell, mitUnterschrift
Akte_400_S001.jpg;Maschinell, mitUnterschrift
Akte_401_S001.jpg;Maschinell
Akte_001.1_S008.jpg;Maschinell
Akte_001.1_S020.jpg;Maschinell
Akte_002.11_S001.jpg;Handschrift
Akte_154_S001.jpg;Maschinell
Akte_332_S001.jpg;Handschrift, mitUnterschrift
Akte_333_S001.jpg;Maschinell, mitUnterschrift
Akte_155_S001.jpg;Handschrift, mitUnterschrift
Akte_002.10_S001.jpg;Bild
Akte_160_S002.jpg;Handschrift, mitUnterschrift
Akte_001.1_S021.jpg;Handschrift, mitUnterschrift
Akte_306_S002.jpg;Handschrift
Akte_001.1_S009.jpg;Maschinell
Akte_323.2_S005.jpg;Maschinell, Handschrift
Akte_001.4_S017.jpg;Maschinell
Akte_001.4_S003.jpg;Handschrift, mitUnterschrift
Akte_323.2_S011.jpg;Maschinell
Akte_001.5_S017.jpg;Handschrift, mitUnterschrift
Akte_345_S001.jpg;Maschinell
Akte_123_S001.jpg;Maschinell
Akte_122_S001.jpg;Maschinell
Akte_344_S001.jpg;Maschinell, mitUnterschrift
Akte_383_S004.jpg;Maschinell
Akte_062_S001.jpg;Maschinell
Akte_204_S001.jpg;Maschinell
Akte_205_S001.jpg;Maschinell
Akte_063_S001.jpg;Maschinell
Akte_246_S002.jpg;Handschrift, mitUnterschrift
Akte_296_S001.jpg;Maschinell, mitUnterschrift
Akte_176_S004.jpg;Handschrift
Akte_297_S001.jpg;Maschinell